code;name;descr
LIT;Literature;Literature Books
POP;Popular;Popular Books
CUL;Cultural;Cultural Books
LIV;Living;Living Books
MAN;Management;Management Books
SCI;Science;Science Books